permno,prc,ticker,comnam,ym
84398,137.0200042724609,SPY,SPDR TRUST,2001m1
84788,.865625,AMZN,AMAZON COM INC,2001m1
86868,113.75,GS,GOLDMAN SACHS GROUP INC,2001m1
84398,123.9499969482422,SPY,SPDR TRUST,2001m2
84788,.509375,AMZN,AMAZON COM INC,2001m2
86868,91.75,GS,GOLDMAN SACHS GROUP INC,2001m2
84398,116.6900024414063,SPY,SPDR TRUST,2001m3
84788,.5114999771118164,AMZN,AMAZON COM INC,2001m3
86868,85.09999847412109,GS,GOLDMAN SACHS GROUP INC,2001m3
84398,124.9100036621094,SPY,SPDR TRUST,2001m4
84788,.7889999866485595,AMZN,AMAZON COM INC,2001m4
86868,91.09999847412109,GS,GOLDMAN SACHS GROUP INC,2001m4
84398,125.9499969482422,SPY,SPDR TRUST,2001m5
84788,.8345000267028808,AMZN,AMAZON COM INC,2001m5
86868,95.09999847412109,GS,GOLDMAN SACHS GROUP INC,2001m5
84398,122.5999984741211,SPY,SPDR TRUST,2001m6
84788,.7074999809265137,AMZN,AMAZON COM INC,2001m6
86868,85.80000305175781,GS,GOLDMAN SACHS GROUP INC,2001m6
84398,121.3499984741211,SPY,SPDR TRUST,2001m7
84788,.6244999885559082,AMZN,AMAZON COM INC,2001m7
86868,83.16000366210938,GS,GOLDMAN SACHS GROUP INC,2001m7
84398,114.1500015258789,SPY,SPDR TRUST,2001m8
84788,.4469999790191651,AMZN,AMAZON COM INC,2001m8
86868,80.09999847412109,GS,GOLDMAN SACHS GROUP INC,2001m8
84398,104.4400024414063,SPY,SPDR TRUST,2001m9
84788,.2984999895095825,AMZN,AMAZON COM INC,2001m9
86868,71.34999847412109,GS,GOLDMAN SACHS GROUP INC,2001m9
84398,105.8000030517578,SPY,SPDR TRUST,2001m10
84788,.3490000009536743,AMZN,AMAZON COM INC,2001m10
86868,78.16000366210938,GS,GOLDMAN SACHS GROUP INC,2001m10
84398,114.0500030517578,SPY,SPDR TRUST,2001m11
84788,.5659999847412109,AMZN,AMAZON COM INC,2001m11
86868,89,GS,GOLDMAN SACHS GROUP INC,2001m11
84398,114.3000030517578,SPY,SPDR TRUST,2001m12
84788,.5409999847412109,AMZN,AMAZON COM INC,2001m12
86868,92.75,GS,GOLDMAN SACHS GROUP INC,2001m12
84398,113.1800003051758,SPY,SPDR TRUST,2002m1
84788,.7094999790191651,AMZN,AMAZON COM INC,2002m1
86868,86.98000335693359,GS,GOLDMAN SACHS GROUP INC,2002m1
84398,111.1500015258789,SPY,SPDR TRUST,2002m2
84788,.7050000190734863,AMZN,AMAZON COM INC,2002m2
86868,80.94000244140625,GS,GOLDMAN SACHS GROUP INC,2002m2
84398,114.5199966430664,SPY,SPDR TRUST,2002m3
84788,.7150000095367431,AMZN,AMAZON COM INC,2002m3
86868,90.25,GS,GOLDMAN SACHS GROUP INC,2002m3
84398,107.8600006103516,SPY,SPDR TRUST,2002m4
84788,.8345000267028808,AMZN,AMAZON COM INC,2002m4
86868,78.75,GS,GOLDMAN SACHS GROUP INC,2002m4
84398,107.2200012207031,SPY,SPDR TRUST,2002m5
84788,.9114999771118164,AMZN,AMAZON COM INC,2002m5
86868,75.44999694824219,GS,GOLDMAN SACHS GROUP INC,2002m5
84398,98.95999908447266,SPY,SPDR TRUST,2002m6
84788,.8125,AMZN,AMAZON COM INC,2002m6
86868,73.34999847412109,GS,GOLDMAN SACHS GROUP INC,2002m6
84398,91.16000366210938,SPY,SPDR TRUST,2002m7
84788,.7229499816894531,AMZN,AMAZON COM INC,2002m7
86868,73.15000152587891,GS,GOLDMAN SACHS GROUP INC,2002m7
84398,91.77999877929688,SPY,SPDR TRUST,2002m8
84788,.746999979019165,AMZN,AMAZON COM INC,2002m8
86868,77.30000305175781,GS,GOLDMAN SACHS GROUP INC,2002m8
84398,81.79000091552734,SPY,SPDR TRUST,2002m9
84788,.7965000152587891,AMZN,AMAZON COM INC,2002m9
86868,66.02999877929688,GS,GOLDMAN SACHS GROUP INC,2002m9
84398,88.51999664306641,SPY,SPDR TRUST,2002m10
84788,.9680000305175781,AMZN,AMAZON COM INC,2002m10
86868,71.59999847412109,GS,GOLDMAN SACHS GROUP INC,2002m10
84398,93.98000335693359,SPY,SPDR TRUST,2002m11
84788,1.167500019073486,AMZN,AMAZON COM INC,2002m11
86868,78.87000274658203,GS,GOLDMAN SACHS GROUP INC,2002m11
84398,88.23000335693359,SPY,SPDR TRUST,2002m12
84788,.9444999694824219,AMZN,AMAZON COM INC,2002m12
86868,68.09999847412109,GS,GOLDMAN SACHS GROUP INC,2002m12
84398,86.05999755859375,SPY,SPDR TRUST,2003m1
84788,1.092500019073486,AMZN,AMAZON COM INC,2003m1
86868,68.09999847412109,GS,GOLDMAN SACHS GROUP INC,2003m1
84398,84.90000152587891,SPY,SPDR TRUST,2003m2
84788,1.100500011444092,AMZN,AMAZON COM INC,2003m2
86868,69.44999694824219,GS,GOLDMAN SACHS GROUP INC,2003m2
84398,84.73999786376953,SPY,SPDR TRUST,2003m3
84788,1.301500034332275,AMZN,AMAZON COM INC,2003m3
86868,68.08000183105469,GS,GOLDMAN SACHS GROUP INC,2003m3
84398,91.91000366210938,SPY,SPDR TRUST,2003m4
84788,1.434500026702881,AMZN,AMAZON COM INC,2003m4
86868,75.90000152587891,GS,GOLDMAN SACHS GROUP INC,2003m4
84398,96.94999694824219,SPY,SPDR TRUST,2003m5
84788,1.794499969482422,AMZN,AMAZON COM INC,2003m5
86868,81.5,GS,GOLDMAN SACHS GROUP INC,2003m5
84398,97.62999725341797,SPY,SPDR TRUST,2003m6
84788,1.815999984741211,AMZN,AMAZON COM INC,2003m6
86868,83.75,GS,GOLDMAN SACHS GROUP INC,2003m6
84398,99.38999938964844,SPY,SPDR TRUST,2003m7
84788,2.081999969482422,AMZN,AMAZON COM INC,2003m7
86868,87.13999938964844,GS,GOLDMAN SACHS GROUP INC,2003m7
84398,101.4400024414063,SPY,SPDR TRUST,2003m8
84788,2.315999984741211,AMZN,AMAZON COM INC,2003m8
86868,88.48999786376953,GS,GOLDMAN SACHS GROUP INC,2003m8
84398,99.94999694824219,SPY,SPDR TRUST,2003m9
84788,2.421500015258789,AMZN,AMAZON COM INC,2003m9
86868,83.90000152587891,GS,GOLDMAN SACHS GROUP INC,2003m9
84398,105.3000030517578,SPY,SPDR TRUST,2003m10
84788,2.721500015258789,AMZN,AMAZON COM INC,2003m10
86868,93.90000152587891,GS,GOLDMAN SACHS GROUP INC,2003m10
84398,106.4499969482422,SPY,SPDR TRUST,2003m11
84788,2.698500061035156,AMZN,AMAZON COM INC,2003m11
86868,96.08000183105469,GS,GOLDMAN SACHS GROUP INC,2003m11
84398,111.2799987792969,SPY,SPDR TRUST,2003m12
84788,2.630999946594238,AMZN,AMAZON COM INC,2003m12
86868,98.73000335693359,GS,GOLDMAN SACHS GROUP INC,2003m12
84398,113.4800033569336,SPY,SPDR TRUST,2004m1
84788,2.520000076293945,AMZN,AMAZON COM INC,2004m1
86868,99.55000305175781,GS,GOLDMAN SACHS GROUP INC,2004m1
84398,115.0199966430664,SPY,SPDR TRUST,2004m2
84788,2.15049991607666,AMZN,AMAZON COM INC,2004m2
86868,105.870002746582,GS,GOLDMAN SACHS GROUP INC,2004m2
84398,113.0999984741211,SPY,SPDR TRUST,2004m3
84788,2.163999938964844,AMZN,AMAZON COM INC,2004m3
86868,104.3499984741211,GS,GOLDMAN SACHS GROUP INC,2004m3
84398,110.9599990844727,SPY,SPDR TRUST,2004m4
84788,2.179999923706055,AMZN,AMAZON COM INC,2004m4
86868,96.75,GS,GOLDMAN SACHS GROUP INC,2004m4
84398,112.8600006103516,SPY,SPDR TRUST,2004m5
84788,2.425,AMZN,AMAZON COM INC,2004m5
86868,93.91000366210938,GS,GOLDMAN SACHS GROUP INC,2004m5
84398,114.5299987792969,SPY,SPDR TRUST,2004m6
84788,2.720000076293945,AMZN,AMAZON COM INC,2004m6
86868,94.16000366210938,GS,GOLDMAN SACHS GROUP INC,2004m6
84398,110.8399963378906,SPY,SPDR TRUST,2004m7
84788,1.945999908447266,AMZN,AMAZON COM INC,2004m7
86868,88.19000244140625,GS,GOLDMAN SACHS GROUP INC,2004m7
84398,111.1100006103516,SPY,SPDR TRUST,2004m8
84788,1.906999969482422,AMZN,AMAZON COM INC,2004m8
86868,89.65000152587891,GS,GOLDMAN SACHS GROUP INC,2004m8
84398,111.7600021362305,SPY,SPDR TRUST,2004m9
84788,2.043000030517578,AMZN,AMAZON COM INC,2004m9
86868,93.23999786376953,GS,GOLDMAN SACHS GROUP INC,2004m9
84398,113.1999969482422,SPY,SPDR TRUST,2004m10
84788,1.706500053405762,AMZN,AMAZON COM INC,2004m10
86868,98.37999725341797,GS,GOLDMAN SACHS GROUP INC,2004m10
84398,117.8899993896484,SPY,SPDR TRUST,2004m11
84788,1.984000015258789,AMZN,AMAZON COM INC,2004m11
86868,104.7600021362305,GS,GOLDMAN SACHS GROUP INC,2004m11
84398,120.870002746582,SPY,SPDR TRUST,2004m12
84788,2.214500045776367,AMZN,AMAZON COM INC,2004m12
86868,104.0400009155273,GS,GOLDMAN SACHS GROUP INC,2004m12
84398,118.1600036621094,SPY,SPDR TRUST,2005m1
84788,2.161000061035156,AMZN,AMAZON COM INC,2005m1
86868,107.8499984741211,GS,GOLDMAN SACHS GROUP INC,2005m1
84398,120.629997253418,SPY,SPDR TRUST,2005m2
84788,1.759000015258789,AMZN,AMAZON COM INC,2005m2
86868,108.8000030517578,GS,GOLDMAN SACHS GROUP INC,2005m2
84398,117.9599990844727,SPY,SPDR TRUST,2005m3
84788,1.713500022888184,AMZN,AMAZON COM INC,2005m3
86868,109.9899978637695,GS,GOLDMAN SACHS GROUP INC,2005m3
84398,115.75,SPY,SPDR TRUST,2005m4
84788,1.618000030517578,AMZN,AMAZON COM INC,2005m4
86868,106.7900009155273,GS,GOLDMAN SACHS GROUP INC,2005m4
84398,119.4800033569336,SPY,SPDR TRUST,2005m5
84788,1.77549991607666,AMZN,AMAZON COM INC,2005m5
86868,97.5,GS,GOLDMAN SACHS GROUP INC,2005m5
84398,119.1800003051758,SPY,SPDR TRUST,2005m6
84788,1.654500007629395,AMZN,AMAZON COM INC,2005m6
86868,102.0199966430664,GS,GOLDMAN SACHS GROUP INC,2005m6
84398,123.7399978637695,SPY,SPDR TRUST,2005m7
84788,2.257500076293945,AMZN,AMAZON COM INC,2005m7
86868,107.4800033569336,GS,GOLDMAN SACHS GROUP INC,2005m7
84398,122.5800018310547,SPY,SPDR TRUST,2005m8
84788,2.135000038146972,AMZN,AMAZON COM INC,2005m8
86868,111.1800003051758,GS,GOLDMAN SACHS GROUP INC,2005m8
84398,123.0400009155273,SPY,SPDR TRUST,2005m9
84788,2.264999961853027,AMZN,AMAZON COM INC,2005m9
86868,121.5800018310547,GS,GOLDMAN SACHS GROUP INC,2005m9
84398,120.129997253418,SPY,SPDR TRUST,2005m10
84788,1.993000030517578,AMZN,AMAZON COM INC,2005m10
86868,126.370002746582,GS,GOLDMAN SACHS GROUP INC,2005m10
84398,125.4100036621094,SPY,SPDR TRUST,2005m11
84788,2.422999954223633,AMZN,AMAZON COM INC,2005m11
86868,128.9600067138672,GS,GOLDMAN SACHS GROUP INC,2005m11
84398,124.5100021362305,SPY,SPDR TRUST,2005m12
84788,2.357500076293945,AMZN,AMAZON COM INC,2005m12
86868,127.7099990844727,GS,GOLDMAN SACHS GROUP INC,2005m12
84398,127.5,SPY,SPDR TRUST,2006m1
84788,2.240999984741211,AMZN,AMAZON COM INC,2006m1
86868,141.25,GS,GOLDMAN SACHS GROUP INC,2006m1
84398,128.2299957275391,SPY,SPDR TRUST,2006m2
84788,1.871999931335449,AMZN,AMAZON COM INC,2006m2
86868,141.2899932861328,GS,GOLDMAN SACHS GROUP INC,2006m2
84398,129.8300018310547,SPY,SPDR TRUST,2006m3
84788,1.826499938964844,AMZN,AMAZON COM INC,2006m3
86868,156.9600067138672,GS,GOLDMAN SACHS GROUP INC,2006m3
84398,131.4700012207031,SPY,SPDR TRUST,2006m4
84788,1.760499954223633,AMZN,AMAZON COM INC,2006m4
86868,160.2899932861328,GS,GOLDMAN SACHS GROUP INC,2006m4
84398,127.5100021362305,SPY,SPDR TRUST,2006m5
84788,1.730500030517578,AMZN,AMAZON COM INC,2006m5
86868,150.9499969482422,GS,GOLDMAN SACHS GROUP INC,2006m5
84398,127.2300033569336,SPY,SPDR TRUST,2006m6
84788,1.934000015258789,AMZN,AMAZON COM INC,2006m6
86868,150.4299926757813,GS,GOLDMAN SACHS GROUP INC,2006m6
84398,127.8499984741211,SPY,SPDR TRUST,2006m7
84788,1.344499969482422,AMZN,AMAZON COM INC,2006m7
86868,152.75,GS,GOLDMAN SACHS GROUP INC,2006m7
84398,130.6399993896484,SPY,SPDR TRUST,2006m8
84788,1.541499996185303,AMZN,AMAZON COM INC,2006m8
86868,148.6499938964844,GS,GOLDMAN SACHS GROUP INC,2006m8
84398,133.5800018310547,SPY,SPDR TRUST,2006m9
84788,1.605999946594238,AMZN,AMAZON COM INC,2006m9
86868,169.1699981689453,GS,GOLDMAN SACHS GROUP INC,2006m9
84398,137.7899932861328,SPY,SPDR TRUST,2006m10
84788,1.904500007629395,AMZN,AMAZON COM INC,2006m10
86868,189.7899932861328,GS,GOLDMAN SACHS GROUP INC,2006m10
84398,140.5299987792969,SPY,SPDR TRUST,2006m11
84788,2.017000007629394,AMZN,AMAZON COM INC,2006m11
86868,194.8000030517578,GS,GOLDMAN SACHS GROUP INC,2006m11
84398,141.6199951171875,SPY,SPDR TRUST,2006m12
84788,1.972999954223633,AMZN,AMAZON COM INC,2006m12
86868,199.3500061035156,GS,GOLDMAN SACHS GROUP INC,2006m12
84398,143.75,SPY,SPDR TRUST,2007m1
84788,1.883499908447266,AMZN,AMAZON COM INC,2007m1
86868,212.1600036621094,GS,GOLDMAN SACHS GROUP INC,2007m1
84398,140.9299926757813,SPY,SPDR TRUST,2007m2
84788,1.956999969482422,AMZN,AMAZON COM INC,2007m2
86868,201.75,GS,GOLDMAN SACHS GROUP INC,2007m2
84398,142,SPY,SPDR TRUST,2007m3
84788,1.989500045776367,AMZN,AMAZON COM INC,2007m3
86868,206.6300048828125,GS,GOLDMAN SACHS GROUP INC,2007m3
84398,148.2899932861328,SPY,SPDR TRUST,2007m4
84788,3.066500091552734,AMZN,AMAZON COM INC,2007m4
86868,218.6100006103516,GS,GOLDMAN SACHS GROUP INC,2007m4
84398,153.3200073242188,SPY,SPDR TRUST,2007m5
84788,3.456999969482422,AMZN,AMAZON COM INC,2007m5
86868,230.8200073242188,GS,GOLDMAN SACHS GROUP INC,2007m5
84398,150.4299926757813,SPY,SPDR TRUST,2007m6
84788,3.420500183105469,AMZN,AMAZON COM INC,2007m6
86868,216.75,GS,GOLDMAN SACHS GROUP INC,2007m6
84398,145.7200012207031,SPY,SPDR TRUST,2007m7
84788,3.927000045776367,AMZN,AMAZON COM INC,2007m7
86868,188.3399963378906,GS,GOLDMAN SACHS GROUP INC,2007m7
84398,147.5899963378906,SPY,SPDR TRUST,2007m8
84788,3.995500183105469,AMZN,AMAZON COM INC,2007m8
86868,176.0099945068359,GS,GOLDMAN SACHS GROUP INC,2007m8
84398,152.5800018310547,SPY,SPDR TRUST,2007m9
84788,4.657500076293945,AMZN,AMAZON COM INC,2007m9
86868,216.7400054931641,GS,GOLDMAN SACHS GROUP INC,2007m9
84398,154.6499938964844,SPY,SPDR TRUST,2007m10
84788,4.457500076293945,AMZN,AMAZON COM INC,2007m10
86868,247.9199981689453,GS,GOLDMAN SACHS GROUP INC,2007m10
84398,148.6600036621094,SPY,SPDR TRUST,2007m11
84788,4.527999877929688,AMZN,AMAZON COM INC,2007m11
86868,226.6399993896484,GS,GOLDMAN SACHS GROUP INC,2007m11
84398,146.2100067138672,SPY,SPDR TRUST,2007m12
84788,4.631999969482422,AMZN,AMAZON COM INC,2007m12
86868,215.0500030517578,GS,GOLDMAN SACHS GROUP INC,2007m12
84398,137.3699951171875,SPY,SPDR TRUST,2008m1
84788,3.884999847412109,AMZN,AMAZON COM INC,2008m1
86868,199.5500030517578,GS,GOLDMAN SACHS GROUP INC,2008m1
84398,133.8200073242188,SPY,SPDR TRUST,2008m2
84788,3.223500061035156,AMZN,AMAZON COM INC,2008m2
86868,169.6300048828125,GS,GOLDMAN SACHS GROUP INC,2008m2
84398,131.9700012207031,SPY,SPDR TRUST,2008m3
84788,3.565000152587891,AMZN,AMAZON COM INC,2008m3
86868,165.3899993896484,GS,GOLDMAN SACHS GROUP INC,2008m3
84398,138.2599945068359,SPY,SPDR TRUST,2008m4
84788,3.931499862670898,AMZN,AMAZON COM INC,2008m4
86868,191.3699951171875,GS,GOLDMAN SACHS GROUP INC,2008m4
84398,140.3500061035156,SPY,SPDR TRUST,2008m5
84788,4.081000137329101,AMZN,AMAZON COM INC,2008m5
86868,176.4100036621094,GS,GOLDMAN SACHS GROUP INC,2008m5
84398,127.9800033569336,SPY,SPDR TRUST,2008m6
84788,3.666500091552734,AMZN,AMAZON COM INC,2008m6
86868,174.8999938964844,GS,GOLDMAN SACHS GROUP INC,2008m6
84398,126.8300018310547,SPY,SPDR TRUST,2008m7
84788,3.816999816894531,AMZN,AMAZON COM INC,2008m7
86868,184.0399932861328,GS,GOLDMAN SACHS GROUP INC,2008m7
84398,128.7899932861328,SPY,SPDR TRUST,2008m8
84788,4.040499877929688,AMZN,AMAZON COM INC,2008m8
86868,163.9700012207031,GS,GOLDMAN SACHS GROUP INC,2008m8
84398,115.9899978637695,SPY,SPDR TRUST,2008m9
84788,3.638000106811524,AMZN,AMAZON COM INC,2008m9
86868,128,GS,GOLDMAN SACHS GROUP INC,2008m9
84398,96.83000183105469,SPY,SPDR TRUST,2008m10
84788,2.86200008392334,AMZN,AMAZON COM INC,2008m10
86868,92.5,GS,GOLDMAN SACHS GROUP INC,2008m10
84398,90.08999633789063,SPY,SPDR TRUST,2008m11
84788,2.135000038146972,AMZN,AMAZON COM INC,2008m11
86868,78.98999786376953,GS,GOLDMAN SACHS GROUP INC,2008m11
84398,90.23999786376953,SPY,SPDR TRUST,2008m12
84788,2.563999938964844,AMZN,AMAZON COM INC,2008m12
86868,84.38999938964844,GS,GOLDMAN SACHS GROUP INC,2008m12
84398,82.83000183105469,SPY,SPDR TRUST,2009m1
84788,2.940999984741211,AMZN,AMAZON COM INC,2009m1
86868,80.73000335693359,GS,GOLDMAN SACHS GROUP INC,2009m1
84398,73.93000030517578,SPY,SPDR TRUST,2009m2
84788,3.239500045776367,AMZN,AMAZON COM INC,2009m2
86868,91.08000183105469,GS,GOLDMAN SACHS GROUP INC,2009m2
84398,79.51999664306641,SPY,SPDR TRUST,2009m3
84788,3.672000122070313,AMZN,AMAZON COM INC,2009m3
86868,106.0199966430664,GS,GOLDMAN SACHS GROUP INC,2009m3
84398,87.41999816894531,SPY,SPDR TRUST,2009m4
84788,4.02599983215332,AMZN,AMAZON COM INC,2009m4
86868,128.5,GS,GOLDMAN SACHS GROUP INC,2009m4
84398,92.52999877929688,SPY,SPDR TRUST,2009m5
84788,3.899499893188477,AMZN,AMAZON COM INC,2009m5
86868,144.5700073242188,GS,GOLDMAN SACHS GROUP INC,2009m5
84398,91.94999694824219,SPY,SPDR TRUST,2009m6
84788,4.183000183105468,AMZN,AMAZON COM INC,2009m6
86868,147.4400024414063,GS,GOLDMAN SACHS GROUP INC,2009m6
84398,98.80999755859375,SPY,SPDR TRUST,2009m7
84788,4.288000106811523,AMZN,AMAZON COM INC,2009m7
86868,163.3000030517578,GS,GOLDMAN SACHS GROUP INC,2009m7
84398,102.4599990844727,SPY,SPDR TRUST,2009m8
84788,4.059500122070313,AMZN,AMAZON COM INC,2009m8
86868,165.4600067138672,GS,GOLDMAN SACHS GROUP INC,2009m8
84398,105.5899963378906,SPY,SPDR TRUST,2009m9
84788,4.668000030517578,AMZN,AMAZON COM INC,2009m9
86868,184.3500061035156,GS,GOLDMAN SACHS GROUP INC,2009m9
84398,103.5599975585938,SPY,SPDR TRUST,2009m10
84788,5.940499877929687,AMZN,AMAZON COM INC,2009m10
86868,170.1699981689453,GS,GOLDMAN SACHS GROUP INC,2009m10
84398,109.9400024414063,SPY,SPDR TRUST,2009m11
84788,6.795500183105469,AMZN,AMAZON COM INC,2009m11
86868,169.6600036621094,GS,GOLDMAN SACHS GROUP INC,2009m11
84398,111.4400024414063,SPY,SPDR TRUST,2009m12
84788,6.726000213623047,AMZN,AMAZON COM INC,2009m12
86868,168.8399963378906,GS,GOLDMAN SACHS GROUP INC,2009m12
84398,107.3899993896484,SPY,SPDR S & P 500 E T F TRUST,2010m1
84788,6.270500183105469,AMZN,AMAZON COM INC,2010m1
86868,148.7200012207031,GS,GOLDMAN SACHS GROUP INC,2010m1
84398,110.7399978637695,SPY,SPDR S & P 500 E T F TRUST,2010m2
84788,5.920000076293945,AMZN,AMAZON COM INC,2010m2
86868,156.3500061035156,GS,GOLDMAN SACHS GROUP INC,2010m2
84398,117,SPY,SPDR S & P 500 E T F TRUST,2010m3
84788,6.788500213623047,AMZN,AMAZON COM INC,2010m3
86868,170.6300048828125,GS,GOLDMAN SACHS GROUP INC,2010m3
84398,118.8125,SPY,SPDR S & P 500 E T F TRUST,2010m4
84788,6.855000305175781,AMZN,AMAZON COM INC,2010m4
86868,145.1999969482422,GS,GOLDMAN SACHS GROUP INC,2010m4
84398,109.3690032958984,SPY,SPDR S & P 500 E T F TRUST,2010m5
84788,6.272999954223633,AMZN,AMAZON COM INC,2010m5
86868,144.2599945068359,GS,GOLDMAN SACHS GROUP INC,2010m5
84398,103.2200012207031,SPY,SPDR S & P 500 E T F TRUST,2010m6
84788,5.463000106811523,AMZN,AMAZON COM INC,2010m6
86868,131.2700042724609,GS,GOLDMAN SACHS GROUP INC,2010m6
84398,110.2699966430664,SPY,SPDR S & P 500 E T F TRUST,2010m7
84788,5.894499969482422,AMZN,AMAZON COM INC,2010m7
86868,150.8200073242188,GS,GOLDMAN SACHS GROUP INC,2010m7
84398,105.3099975585938,SPY,SPDR S & P 500 E T F TRUST,2010m8
84788,6.241500091552735,AMZN,AMAZON COM INC,2010m8
86868,136.9299926757813,GS,GOLDMAN SACHS GROUP INC,2010m8
84398,114.129997253418,SPY,SPDR S & P 500 E T F TRUST,2010m9
84788,7.852999877929688,AMZN,AMAZON COM INC,2010m9
86868,144.5800018310547,GS,GOLDMAN SACHS GROUP INC,2010m9
84398,118.4899978637695,SPY,SPDR S & P 500 E T F TRUST,2010m10
84788,8.261499786376953,AMZN,AMAZON COM INC,2010m10
86868,161.1300048828125,GS,GOLDMAN SACHS GROUP INC,2010m10
84398,118.4925003051758,SPY,SPDR S & P 500 E T F TRUST,2010m11
84788,8.769999694824218,AMZN,AMAZON COM INC,2010m11
86868,156.1399993896484,GS,GOLDMAN SACHS GROUP INC,2010m11
84398,125.75,SPY,SPDR S & P 500 E T F TRUST,2010m12
84788,9,AMZN,AMAZON COM INC,2010m12
86868,168.1600036621094,GS,GOLDMAN SACHS GROUP INC,2010m12
84398,128.6799926757813,SPY,SPDR S & P 500 E T F TRUST,2011m1
84788,8.481999969482422,AMZN,AMAZON COM INC,2011m1
86868,163.6199951171875,GS,GOLDMAN SACHS GROUP INC,2011m1
84398,133.1499938964844,SPY,SPDR S & P 500 E T F TRUST,2011m2
84788,8.664499664306641,AMZN,AMAZON COM INC,2011m2
86868,163.7799987792969,GS,GOLDMAN SACHS GROUP INC,2011m2
84398,132.5899963378906,SPY,SPDR S & P 500 E T F TRUST,2011m3
84788,9.006500244140625,AMZN,AMAZON COM INC,2011m3
86868,158.6000061035156,GS,GOLDMAN SACHS GROUP INC,2011m3
84398,136.4299926757813,SPY,SPDR S & P 500 E T F TRUST,2011m4
84788,9.790499877929687,AMZN,AMAZON COM INC,2011m4
86868,151.0099945068359,GS,GOLDMAN SACHS GROUP INC,2011m4
84398,134.8999938964844,SPY,SPDR S & P 500 E T F TRUST,2011m5
84788,9.834500122070313,AMZN,AMAZON COM INC,2011m5
86868,140.7299957275391,GS,GOLDMAN SACHS GROUP INC,2011m5
84398,131.9700012207031,SPY,SPDR S & P 500 E T F TRUST,2011m6
84788,10.2245002746582,AMZN,AMAZON COM INC,2011m6
86868,133.0899963378906,GS,GOLDMAN SACHS GROUP INC,2011m6
84398,129.3300018310547,SPY,SPDR S & P 500 E T F TRUST,2011m7
84788,11.12600021362305,AMZN,AMAZON COM INC,2011m7
86868,134.9700012207031,GS,GOLDMAN SACHS GROUP INC,2011m7
84398,122.2200012207031,SPY,SPDR S & P 500 E T F TRUST,2011m8
84788,10.76149978637695,AMZN,AMAZON COM INC,2011m8
86868,116.2200012207031,GS,GOLDMAN SACHS GROUP INC,2011m8
84398,113.1500015258789,SPY,SPDR S & P 500 E T F TRUST,2011m9
84788,10.81149978637695,AMZN,AMAZON COM INC,2011m9
86868,94.55000305175781,GS,GOLDMAN SACHS GROUP INC,2011m9
84398,125.5,SPY,SPDR S & P 500 E T F TRUST,2011m10
84788,10.6754997253418,AMZN,AMAZON COM INC,2011m10
86868,109.5500030517578,GS,GOLDMAN SACHS GROUP INC,2011m10
84398,124.9899978637695,SPY,SPDR S & P 500 E T F TRUST,2011m11
84788,9.61449966430664,AMZN,AMAZON COM INC,2011m11
86868,95.86000061035156,GS,GOLDMAN SACHS GROUP INC,2011m11
84398,125.5,SPY,SPDR S & P 500 E T F TRUST,2011m12
84788,8.655000305175781,AMZN,AMAZON COM INC,2011m12
86868,90.43000030517578,GS,GOLDMAN SACHS GROUP INC,2011m12
84398,131.3200073242188,SPY,SPDR S & P 500 E T F TRUST,2012m1
84788,9.722000122070313,AMZN,AMAZON COM INC,2012m1
86868,111.4700012207031,GS,GOLDMAN SACHS GROUP INC,2012m1
84398,137.0200042724609,SPY,SPDR S & P 500 E T F TRUST,2012m2
84788,8.984500122070312,AMZN,AMAZON COM INC,2012m2
86868,115.1399993896484,GS,GOLDMAN SACHS GROUP INC,2012m2
84398,140.8099975585938,SPY,SPDR S & P 500 E T F TRUST,2012m3
84788,10.1254997253418,AMZN,AMAZON COM INC,2012m3
86868,124.370002746582,GS,GOLDMAN SACHS GROUP INC,2012m3
84398,139.8699951171875,SPY,SPDR S & P 500 E T F TRUST,2012m4
84788,11.59499969482422,AMZN,AMAZON COM INC,2012m4
86868,115.1500015258789,GS,GOLDMAN SACHS GROUP INC,2012m4
84398,131.4700012207031,SPY,SPDR S & P 500 E T F TRUST,2012m5
84788,10.64550018310547,AMZN,AMAZON COM INC,2012m5
86868,95.69999694824219,GS,GOLDMAN SACHS GROUP INC,2012m5
84398,136.1049957275391,SPY,SPDR S & P 500 E T F TRUST,2012m6
84788,11.41750030517578,AMZN,AMAZON COM INC,2012m6
86868,95.86000061035156,GS,GOLDMAN SACHS GROUP INC,2012m6
84398,137.7100067138672,SPY,SPDR S & P 500 E T F TRUST,2012m7
84788,11.66500015258789,AMZN,AMAZON COM INC,2012m7
86868,100.9000015258789,GS,GOLDMAN SACHS GROUP INC,2012m7
84398,141.1600036621094,SPY,SPDR S & P 500 E T F TRUST,2012m8
84788,12.41350021362305,AMZN,AMAZON COM INC,2012m8
86868,105.7200012207031,GS,GOLDMAN SACHS GROUP INC,2012m8
84398,143.9700012207031,SPY,SPDR S & P 500 E T F TRUST,2012m9
84788,12.71600036621094,AMZN,AMAZON COM INC,2012m9
86868,113.6800003051758,GS,GOLDMAN SACHS GROUP INC,2012m9
84398,141.3500061035156,SPY,SPDR S & P 500 E T F TRUST,2012m10
84788,11.64465484619141,AMZN,AMAZON COM INC,2012m10
86868,122.3899993896484,GS,GOLDMAN SACHS GROUP INC,2012m10
84398,142.1549987792969,SPY,SPDR S & P 500 E T F TRUST,2012m11
84788,12.60250015258789,AMZN,AMAZON COM INC,2012m11
86868,117.7900009155273,GS,GOLDMAN SACHS GROUP INC,2012m11
84398,142.4100036621094,SPY,SPDR S & P 500 E T F TRUST,2012m12
84788,12.54349975585938,AMZN,AMAZON COM INC,2012m12
86868,127.5599975585938,GS,GOLDMAN SACHS GROUP INC,2012m12
84398,149.6999969482422,SPY,SPDR S & P 500 E T F TRUST,2013m1
84788,13.275,AMZN,AMAZON COM INC,2013m1
86868,147.8600006103516,GS,GOLDMAN SACHS GROUP INC,2013m1
84398,151.6100006103516,SPY,SPDR S & P 500 E T F TRUST,2013m2
84788,13.21349945068359,AMZN,AMAZON COM INC,2013m2
86868,149.7599945068359,GS,GOLDMAN SACHS GROUP INC,2013m2
84398,156.6699981689453,SPY,SPDR S & P 500 E T F TRUST,2013m3
84788,13.32449951171875,AMZN,AMAZON COM INC,2013m3
86868,147.1499938964844,GS,GOLDMAN SACHS GROUP INC,2013m3
84398,159.6799926757813,SPY,SPDR S & P 500 E T F TRUST,2013m4
84788,12.69049987792969,AMZN,AMAZON COM INC,2013m4
86868,146.0700073242188,GS,GOLDMAN SACHS GROUP INC,2013m4
84398,163.4450073242188,SPY,SPDR S & P 500 E T F TRUST,2013m5
84788,13.46000061035156,AMZN,AMAZON COM INC,2013m5
86868,162.0800018310547,GS,GOLDMAN SACHS GROUP INC,2013m5
84398,160.4199981689453,SPY,SPDR S & P 500 E T F TRUST,2013m6
84788,13.88450012207031,AMZN,AMAZON COM INC,2013m6
86868,151.25,GS,GOLDMAN SACHS GROUP INC,2013m6
84398,168.7100067138672,SPY,SPDR S & P 500 E T F TRUST,2013m7
84788,15.06100006103516,AMZN,AMAZON COM INC,2013m7
86868,164.0299987792969,GS,GOLDMAN SACHS GROUP INC,2013m7
84398,163.6499938964844,SPY,SPDR S & P 500 E T F TRUST,2013m8
84788,14.04900054931641,AMZN,AMAZON COM INC,2013m8
86868,152.1300048828125,GS,GOLDMAN SACHS GROUP INC,2013m8
84398,168.0099945068359,SPY,SPDR S & P 500 E T F TRUST,2013m9
84788,15.63200073242188,AMZN,AMAZON COM INC,2013m9
86868,158.2100067138672,GS,GOLDMAN SACHS GROUP INC,2013m9
84398,175.7899932861328,SPY,SPDR S & P 500 E T F TRUST,2013m10
84788,18.20149993896484,AMZN,AMAZON COM INC,2013m10
86868,160.8600006103516,GS,GOLDMAN SACHS GROUP INC,2013m10
84398,181,SPY,SPDR S & P 500 E T F TRUST,2013m11
84788,19.68099975585938,AMZN,AMAZON COM INC,2013m11
86868,168.9400024414063,GS,GOLDMAN SACHS GROUP INC,2013m11
84398,184.6900024414063,SPY,SPDR S & P 500 E T F TRUST,2013m12
84788,19.9395004272461,AMZN,AMAZON COM INC,2013m12
86868,177.2599945068359,GS,GOLDMAN SACHS GROUP INC,2013m12
84398,178.1799926757813,SPY,SPDR S & P 500 E T F TRUST,2014m1
84788,17.93450012207031,AMZN,AMAZON COM INC,2014m1
86868,164.1199951171875,GS,GOLDMAN SACHS GROUP INC,2014m1
84398,186.2899932861328,SPY,SPDR S & P 500 E T F TRUST,2014m2
84788,18.10500030517578,AMZN,AMAZON COM INC,2014m2
86868,166.4499969482422,GS,GOLDMAN SACHS GROUP INC,2014m2
84398,187.0099945068359,SPY,SPDR S & P 500 E T F TRUST,2014m3
84788,16.81824951171875,AMZN,AMAZON COM INC,2014m3
86868,163.8500061035156,GS,GOLDMAN SACHS GROUP INC,2014m3
84398,188.3099975585938,SPY,SPDR S & P 500 E T F TRUST,2014m4
84788,15.20650024414062,AMZN,AMAZON COM INC,2014m4
86868,159.8200073242188,GS,GOLDMAN SACHS GROUP INC,2014m4
84398,192.6799926757813,SPY,SPDR S & P 500 E T F TRUST,2014m5
84788,15.62749938964844,AMZN,AMAZON COM INC,2014m5
86868,159.8099975585938,GS,GOLDMAN SACHS GROUP INC,2014m5
84398,195.7200012207031,SPY,SPDR S & P 500 E T F TRUST,2014m6
84788,16.23899993896485,AMZN,AMAZON COM INC,2014m6
86868,167.4400024414063,GS,GOLDMAN SACHS GROUP INC,2014m6
84398,193.0899963378906,SPY,SPDR S & P 500 E T F TRUST,2014m7
84788,15.64949951171875,AMZN,AMAZON COM INC,2014m7
86868,172.8699951171875,GS,GOLDMAN SACHS GROUP INC,2014m7
84398,200.7100067138672,SPY,SPDR S & P 500 E T F TRUST,2014m8
84788,16.95200042724609,AMZN,AMAZON COM INC,2014m8
86868,179.1100006103516,GS,GOLDMAN SACHS GROUP INC,2014m8
84398,197.0200042724609,SPY,SPDR S & P 500 E T F TRUST,2014m9
84788,16.12200012207031,AMZN,AMAZON COM INC,2014m9
86868,183.5700073242188,GS,GOLDMAN SACHS GROUP INC,2014m9
84398,201.6600036621094,SPY,SPDR S & P 500 E T F TRUST,2014m10
84788,15.27299957275391,AMZN,AMAZON COM INC,2014m10
86868,189.9900054931641,GS,GOLDMAN SACHS GROUP INC,2014m10
84398,207.1999969482422,SPY,SPDR S & P 500 E T F TRUST,2014m11
84788,16.93200073242188,AMZN,AMAZON COM INC,2014m11
86868,188.4100036621094,GS,GOLDMAN SACHS GROUP INC,2014m11
84398,205.5399932861328,SPY,SPDR S & P 500 E T F TRUST,2014m12
84788,15.51750030517578,AMZN,AMAZON COM INC,2014m12
86868,193.8300018310547,GS,GOLDMAN SACHS GROUP INC,2014m12
84398,199.4499969482422,SPY,SPDR S & P 500 E T F TRUST,2015m1
84788,17.72649993896484,AMZN,AMAZON COM INC,2015m1
86868,172.4100036621094,GS,GOLDMAN SACHS GROUP INC,2015m1
84398,210.6600036621094,SPY,SPDR S & P 500 E T F TRUST,2015m2
84788,19.00800018310547,AMZN,AMAZON COM INC,2015m2
86868,189.7899932861328,GS,GOLDMAN SACHS GROUP INC,2015m2
84398,206.4299926757813,SPY,SPDR S & P 500 E T F TRUST,2015m3
84788,18.60500030517578,AMZN,AMAZON COM INC,2015m3
86868,187.9700012207031,GS,GOLDMAN SACHS GROUP INC,2015m3
84398,208.4600067138672,SPY,SPDR S & P 500 E T F TRUST,2015m4
84788,21.08899993896484,AMZN,AMAZON COM INC,2015m4
86868,196.4199981689453,GS,GOLDMAN SACHS GROUP INC,2015m4
84398,211.1399993896484,SPY,SPDR S & P 500 E T F TRUST,2015m5
84788,21.4615005493164,AMZN,AMAZON COM INC,2015m5
86868,206.1900024414063,GS,GOLDMAN SACHS GROUP INC,2015m5
84398,205.8500061035156,SPY,SPDR S & P 500 E T F TRUST,2015m6
84788,21.70449981689453,AMZN,AMAZON COM INC,2015m6
86868,208.7899932861328,GS,GOLDMAN SACHS GROUP INC,2015m6
84398,210.5,SPY,SPDR S & P 500 E T F TRUST,2015m7
84788,26.80750122070312,AMZN,AMAZON COM INC,2015m7
86868,205.0700073242188,GS,GOLDMAN SACHS GROUP INC,2015m7
84398,197.6699981689453,SPY,SPDR S & P 500 E T F TRUST,2015m8
84788,25.64450073242188,AMZN,AMAZON COM INC,2015m8
86868,188.6000061035156,GS,GOLDMAN SACHS GROUP INC,2015m8
84398,191.6300048828125,SPY,SPDR S & P 500 E T F TRUST,2015m9
84788,25.59450073242187,AMZN,AMAZON COM INC,2015m9
86868,173.7599945068359,GS,GOLDMAN SACHS GROUP INC,2015m9
84398,207.9299926757813,SPY,SPDR S & P 500 E T F TRUST,2015m10
84788,31.29500122070312,AMZN,AMAZON COM INC,2015m10
86868,187.5,GS,GOLDMAN SACHS GROUP INC,2015m10
84398,208.6900024414063,SPY,SPDR S & P 500 E T F TRUST,2015m11
84788,33.23999938964844,AMZN,AMAZON COM INC,2015m11
86868,190.0200042724609,GS,GOLDMAN SACHS GROUP INC,2015m11
84398,203.8699951171875,SPY,SPDR S & P 500 E T F TRUST,2015m12
84788,33.79450073242187,AMZN,AMAZON COM INC,2015m12
86868,180.2299957275391,GS,GOLDMAN SACHS GROUP INC,2015m12
84398,193.7207946777344,SPY,SPDR S & P 500 E T F TRUST,2016m1
84788,29.35,AMZN,AMAZON COM INC,2016m1
86868,161.5599975585938,GS,GOLDMAN SACHS GROUP INC,2016m1
84398,193.5599975585938,SPY,SPDR S & P 500 E T F TRUST,2016m2
84788,27.6260009765625,AMZN,AMAZON COM INC,2016m2
86868,149.5299987792969,GS,GOLDMAN SACHS GROUP INC,2016m2
84398,205.5200042724609,SPY,SPDR S & P 500 E T F TRUST,2016m3
84788,29.68200073242188,AMZN,AMAZON COM INC,2016m3
86868,156.9799957275391,GS,GOLDMAN SACHS GROUP INC,2016m3
84398,206.3307952880859,SPY,SPDR S & P 500 E T F TRUST,2016m4
84788,32.97950134277344,AMZN,AMAZON COM INC,2016m4
86868,164.1100006103516,GS,GOLDMAN SACHS GROUP INC,2016m4
84398,209.8399963378906,SPY,SPDR S & P 500 E T F TRUST,2016m5
84788,36.13949890136719,AMZN,AMAZON COM INC,2016m5
86868,159.4799957275391,GS,GOLDMAN SACHS GROUP INC,2016m5
84398,209.4750061035156,SPY,SPDR S & P 500 E T F TRUST,2016m6
84788,35.78099975585938,AMZN,AMAZON COM INC,2016m6
86868,148.5800018310547,GS,GOLDMAN SACHS GROUP INC,2016m6
84398,217.1199951171875,SPY,SPDR S & P 500 E T F TRUST,2016m7
84788,37.94049987792969,AMZN,AMAZON COM INC,2016m7
86868,158.8099975585938,GS,GOLDMAN SACHS GROUP INC,2016m7
84398,217.3800048828125,SPY,SPDR S & P 500 E T F TRUST,2016m8
84788,38.45799865722656,AMZN,AMAZON COM INC,2016m8
86868,169.4600067138672,GS,GOLDMAN SACHS GROUP INC,2016m8
84398,216.3000030517578,SPY,SPDR S & P 500 E T F TRUST,2016m9
84788,41.86549987792969,AMZN,AMAZON COM INC,2016m9
86868,161.2700042724609,GS,GOLDMAN SACHS GROUP INC,2016m9
84398,212.5500030517578,SPY,SPDR S & P 500 E T F TRUST,2016m10
84788,39.49100036621094,AMZN,AMAZON COM INC,2016m10
86868,178.2400054931641,GS,GOLDMAN SACHS GROUP INC,2016m10
84398,220.3800048828125,SPY,SPDR S & P 500 E T F TRUST,2016m11
84788,37.52850036621093,AMZN,AMAZON COM INC,2016m11
86868,219.2899932861328,GS,GOLDMAN SACHS GROUP INC,2016m11
84398,223.5299987792969,SPY,SPDR S & P 500 E T F TRUST,2016m12
84788,37.49349975585938,AMZN,AMAZON COM INC,2016m12
86868,239.4499969482422,GS,GOLDMAN SACHS GROUP INC,2016m12
84398,227.5299987792969,SPY,SPDR S & P 500 E T F TRUST,2017m1
84788,41.1739990234375,AMZN,AMAZON COM INC,2017m1
86868,229.3200073242188,GS,GOLDMAN SACHS GROUP INC,2017m1
84398,236.4700012207031,SPY,SPDR S & P 500 E T F TRUST,2017m2
84788,42.25199890136719,AMZN,AMAZON COM INC,2017m2
86868,248.0599975585938,GS,GOLDMAN SACHS GROUP INC,2017m2
84398,235.7400054931641,SPY,SPDR S & P 500 E T F TRUST,2017m3
84788,44.32699890136719,AMZN,AMAZON COM INC,2017m3
86868,229.7200012207031,GS,GOLDMAN SACHS GROUP INC,2017m3
84398,238.0800018310547,SPY,SPDR S & P 500 E T F TRUST,2017m4
84788,46.24949951171875,AMZN,AMAZON COM INC,2017m4
86868,223.8000030517578,GS,GOLDMAN SACHS GROUP INC,2017m4
84398,241.4400024414063,SPY,SPDR S & P 500 E T F TRUST,2017m5
84788,49.73099975585937,AMZN,AMAZON COM INC,2017m5
86868,211.2599945068359,GS,GOLDMAN SACHS GROUP INC,2017m5
84398,241.8000030517578,SPY,SPDR S & P 500 E T F TRUST,2017m6
84788,48.4,AMZN,AMAZON COM INC,2017m6
86868,221.8999938964844,GS,GOLDMAN SACHS GROUP INC,2017m6
84398,246.7700042724609,SPY,SPDR S & P 500 E T F TRUST,2017m7
84788,49.38900146484375,AMZN,AMAZON COM INC,2017m7
86868,225.3300018310547,GS,GOLDMAN SACHS GROUP INC,2017m7
84398,247.4900054931641,SPY,SPDR S & P 500 E T F TRUST,2017m8
84788,49.02999877929688,AMZN,AMAZON COM INC,2017m8
86868,223.7400054931641,GS,GOLDMAN SACHS GROUP INC,2017m8
84398,251.2299957275391,SPY,SPDR S & P 500 E T F TRUST,2017m9
84788,48.06749877929688,AMZN,AMAZON COM INC,2017m9
86868,237.1900024414063,GS,GOLDMAN SACHS GROUP INC,2017m9
84398,257.1499938964844,SPY,SPDR S & P 500 E T F TRUST,2017m10
84788,55.26400146484375,AMZN,AMAZON COM INC,2017m10
86868,242.4799957275391,GS,GOLDMAN SACHS GROUP INC,2017m10
84398,265.010009765625,SPY,SPDR S & P 500 E T F TRUST,2017m11
84788,58.8375,AMZN,AMAZON COM INC,2017m11
86868,247.6399993896484,GS,GOLDMAN SACHS GROUP INC,2017m11
84398,266.8599853515625,SPY,SPDR S & P 500 E T F TRUST,2017m12
84788,58.47349853515625,AMZN,AMAZON COM INC,2017m12
86868,254.7599945068359,GS,GOLDMAN SACHS GROUP INC,2017m12
84398,281.8999938964844,SPY,SPDR S & P 500 E T F TRUST,2018m1
84788,72.54450073242188,AMZN,AMAZON COM INC,2018m1
86868,267.8900146484375,GS,GOLDMAN SACHS GROUP INC,2018m1
84398,271.6499938964844,SPY,SPDR S & P 500 E T F TRUST,2018m2
84788,75.62249755859375,AMZN,AMAZON COM INC,2018m2
86868,262.9299926757813,GS,GOLDMAN SACHS GROUP INC,2018m2
84398,263.1499938964844,SPY,SPDR S & P 500 E T F TRUST,2018m3
84788,72.36699829101562,AMZN,AMAZON COM INC,2018m3
86868,251.8600006103516,GS,GOLDMAN SACHS GROUP INC,2018m3
84398,264.510009765625,SPY,SPDR S & P 500 E T F TRUST,2018m4
84788,78.30650024414062,AMZN,AMAZON COM INC,2018m4
86868,238.3300018310547,GS,GOLDMAN SACHS GROUP INC,2018m4
84398,270.9400024414063,SPY,SPDR S & P 500 E T F TRUST,2018m5
84788,81.48099975585937,AMZN,AMAZON COM INC,2018m5
86868,225.8800048828125,GS,GOLDMAN SACHS GROUP INC,2018m5
84398,271.2799987792969,SPY,SPDR S & P 500 E T F TRUST,2018m6
84788,84.99000244140625,AMZN,AMAZON COM INC,2018m6
86868,220.5700073242188,GS,GOLDMAN SACHS GROUP INC,2018m6
84398,281.3299865722656,SPY,SPDR S & P 500 E T F TRUST,2018m7
84788,88.8719970703125,AMZN,AMAZON COM INC,2018m7
86868,237.4299926757813,GS,GOLDMAN SACHS GROUP INC,2018m7
84398,290.3099975585938,SPY,SPDR S & P 500 E T F TRUST,2018m8
84788,100.635498046875,AMZN,AMAZON COM INC,2018m8
86868,237.8099975585938,GS,GOLDMAN SACHS GROUP INC,2018m8
84398,290.7200012207031,SPY,SPDR S & P 500 E T F TRUST,2018m9
84788,100.15,AMZN,AMAZON COM INC,2018m9
86868,224.2400054931641,GS,GOLDMAN SACHS GROUP INC,2018m9
84398,270.6300048828125,SPY,SPDR S & P 500 E T F TRUST,2018m10
84788,79.90050048828125,AMZN,AMAZON COM INC,2018m10
86868,225.3699951171875,GS,GOLDMAN SACHS GROUP INC,2018m10
84398,275.6499938964844,SPY,SPDR S & P 500 E T F TRUST,2018m11
84788,84.50850219726563,AMZN,AMAZON COM INC,2018m11
86868,190.6900024414063,GS,GOLDMAN SACHS GROUP INC,2018m11
84398,249.9199981689453,SPY,SPDR S & P 500 E T F TRUST,2018m12
84788,75.09849853515625,AMZN,AMAZON COM INC,2018m12
86868,167.0500030517578,GS,GOLDMAN SACHS GROUP INC,2018m12
84398,269.9299926757813,SPY,SPDR S & P 500 E T F TRUST,2019m1
84788,85.93649902343751,AMZN,AMAZON COM INC,2019m1
86868,198.0099945068359,GS,GOLDMAN SACHS GROUP INC,2019m1
84398,278.6799926757813,SPY,SPDR S & P 500 E T F TRUST,2019m2
84788,81.99149780273437,AMZN,AMAZON COM INC,2019m2
86868,196.6999969482422,GS,GOLDMAN SACHS GROUP INC,2019m2
84398,282.4800109863281,SPY,SPDR S & P 500 E T F TRUST,2019m3
84788,89.03749999999999,AMZN,AMAZON COM INC,2019m3
86868,191.9900054931641,GS,GOLDMAN SACHS GROUP INC,2019m3
84398,294.0199890136719,SPY,SPDR S & P 500 E T F TRUST,2019m4
84788,96.3260009765625,AMZN,AMAZON COM INC,2019m4
86868,205.9199981689453,GS,GOLDMAN SACHS GROUP INC,2019m4
84398,275.2699890136719,SPY,SPDR S & P 500 E T F TRUST,2019m5
84788,88.75349731445313,AMZN,AMAZON COM INC,2019m5
86868,182.4900054931641,GS,GOLDMAN SACHS GROUP INC,2019m5
84398,293,SPY,SPDR S & P 500 E T F TRUST,2019m6
84788,94.68150024414062,AMZN,AMAZON COM INC,2019m6
86868,204.6000061035156,GS,GOLDMAN SACHS GROUP INC,2019m6
84398,297.4299926757813,SPY,SPDR S & P 500 E T F TRUST,2019m7
84788,93.33900146484375,AMZN,AMAZON COM INC,2019m7
86868,220.1300048828125,GS,GOLDMAN SACHS GROUP INC,2019m7
84398,292.4500122070313,SPY,SPDR S & P 500 E T F TRUST,2019m8
84788,88.814501953125,AMZN,AMAZON COM INC,2019m8
86868,203.9100036621094,GS,GOLDMAN SACHS GROUP INC,2019m8
84398,296.7699890136719,SPY,SPDR S & P 500 E T F TRUST,2019m9
84788,86.79550170898438,AMZN,AMAZON COM INC,2019m9
86868,207.2299957275391,GS,GOLDMAN SACHS GROUP INC,2019m9
84398,303.3299865722656,SPY,SPDR S & P 500 E T F TRUST,2019m10
84788,88.83300170898437,AMZN,AMAZON COM INC,2019m10
86868,213.3800048828125,GS,GOLDMAN SACHS GROUP INC,2019m10
84398,314.3099975585938,SPY,SPDR S & P 500 E T F TRUST,2019m11
84788,90.04000244140624,AMZN,AMAZON COM INC,2019m11
86868,221.3500061035156,GS,GOLDMAN SACHS GROUP INC,2019m11
84398,321.8599853515625,SPY,SPDR S & P 500 E T F TRUST,2019m12
84788,92.39199829101563,AMZN,AMAZON COM INC,2019m12
86868,229.9299926757813,GS,GOLDMAN SACHS GROUP INC,2019m12
84398,321.7300109863281,SPY,SPDR S & P 500 E T F TRUST,2020m1
84788,100.4359985351562,AMZN,AMAZON COM INC,2020m1
86868,237.75,GS,GOLDMAN SACHS GROUP INC,2020m1
84398,296.260009765625,SPY,SPDR S & P 500 E T F TRUST,2020m2
84788,94.1875,AMZN,AMAZON COM INC,2020m2
86868,200.7700042724609,GS,GOLDMAN SACHS GROUP INC,2020m2
84398,257.75,SPY,SPDR S & P 500 E T F TRUST,2020m3
84788,97.48599853515626,AMZN,AMAZON COM INC,2020m3
86868,154.5899963378906,GS,GOLDMAN SACHS GROUP INC,2020m3
84398,290.4800109863281,SPY,SPDR S & P 500 E T F TRUST,2020m4
84788,123.7,AMZN,AMAZON COM INC,2020m4
86868,183.4199981689453,GS,GOLDMAN SACHS GROUP INC,2020m4
84398,304.3200073242188,SPY,SPDR S & P 500 E T F TRUST,2020m5
84788,122.118505859375,AMZN,AMAZON COM INC,2020m5
86868,196.4900054931641,GS,GOLDMAN SACHS GROUP INC,2020m5
84398,308.3599853515625,SPY,SPDR S & P 500 E T F TRUST,2020m6
84788,137.9410034179687,AMZN,AMAZON COM INC,2020m6
86868,197.6199951171875,GS,GOLDMAN SACHS GROUP INC,2020m6
84398,326.5199890136719,SPY,SPDR S & P 500 E T F TRUST,2020m7
84788,158.2339965820312,AMZN,AMAZON COM INC,2020m7
86868,197.9600067138672,GS,GOLDMAN SACHS GROUP INC,2020m7
84398,349.3099975585938,SPY,SPDR S & P 500 E T F TRUST,2020m8
84788,172.547998046875,AMZN,AMAZON COM INC,2020m8
86868,204.8699951171875,GS,GOLDMAN SACHS GROUP INC,2020m8
84398,334.8900146484375,SPY,SPDR S & P 500 E T F TRUST,2020m9
84788,157.4364990234375,AMZN,AMAZON COM INC,2020m9
86868,200.9700012207031,GS,GOLDMAN SACHS GROUP INC,2020m9
84398,326.5400085449219,SPY,SPDR S & P 500 E T F TRUST,2020m10
84788,151.8074951171875,AMZN,AMAZON COM INC,2020m10
86868,189.0399932861328,GS,GOLDMAN SACHS GROUP INC,2020m10
84398,362.0599975585938,SPY,SPDR S & P 500 E T F TRUST,2020m11
84788,158.402001953125,AMZN,AMAZON COM INC,2020m11
86868,230.5800018310547,GS,GOLDMAN SACHS GROUP INC,2020m11
84398,373.8800048828125,SPY,SPDR S & P 500 E T F TRUST,2020m12
84788,162.8464965820313,AMZN,AMAZON COM INC,2020m12
86868,263.7099914550781,GS,GOLDMAN SACHS GROUP INC,2020m12
84398,370.0700073242188,SPY,SPDR S & P 500 E T F TRUST,2021m1
84788,160.3099975585938,AMZN,AMAZON COM INC,2021m1
86868,271.1700134277344,GS,GOLDMAN SACHS GROUP INC,2021m1
84398,380.3599853515625,SPY,SPDR S & P 500 E T F TRUST,2021m2
84788,154.6464965820313,AMZN,AMAZON COM INC,2021m2
86868,319.4800109863281,GS,GOLDMAN SACHS GROUP INC,2021m2
84398,396.3299865722656,SPY,SPDR S & P 500 E T F TRUST,2021m3
84788,154.70400390625,AMZN,AMAZON COM INC,2021m3
86868,327,GS,GOLDMAN SACHS GROUP INC,2021m3
84398,417.2999877929688,SPY,SPDR S & P 500 E T F TRUST,2021m4
84788,173.37099609375,AMZN,AMAZON COM INC,2021m4
86868,348.4500122070313,GS,GOLDMAN SACHS GROUP INC,2021m4
84398,420.0400085449219,SPY,SPDR S & P 500 E T F TRUST,2021m5
84788,161.1535034179688,AMZN,AMAZON COM INC,2021m5
86868,372.0199890136719,GS,GOLDMAN SACHS GROUP INC,2021m5
84398,428.0599975585938,SPY,SPDR S & P 500 E T F TRUST,2021m6
84788,172.0079956054688,AMZN,AMAZON COM INC,2021m6
86868,379.5299987792969,GS,GOLDMAN SACHS GROUP INC,2021m6
84398,438.510009765625,SPY,SPDR S & P 500 E T F TRUST,2021m7
84788,166.3795043945312,AMZN,AMAZON COM INC,2021m7
86868,374.8800048828125,GS,GOLDMAN SACHS GROUP INC,2021m7
84398,451.5599975585938,SPY,SPDR S & P 500 E T F TRUST,2021m8
84788,173.539501953125,AMZN,AMAZON COM INC,2021m8
86868,413.510009765625,GS,GOLDMAN SACHS GROUP INC,2021m8
84398,429.1400146484375,SPY,SPDR S & P 500 E T F TRUST,2021m9
84788,164.252001953125,AMZN,AMAZON COM INC,2021m9
86868,378.0299987792969,GS,GOLDMAN SACHS GROUP INC,2021m9
84398,459.25,SPY,SPDR S & P 500 E T F TRUST,2021m10
84788,168.6214965820313,AMZN,AMAZON COM INC,2021m10
86868,413.3500061035156,GS,GOLDMAN SACHS GROUP INC,2021m10
84398,455.5599975585938,SPY,SPDR S & P 500 E T F TRUST,2021m11
84788,175.3535034179687,AMZN,AMAZON COM INC,2021m11
86868,380.989990234375,GS,GOLDMAN SACHS GROUP INC,2021m11
84398,474.9599914550781,SPY,SPDR S & P 500 E T F TRUST,2021m12
84788,166.7170043945312,AMZN,AMAZON COM INC,2021m12
86868,382.5499877929688,GS,GOLDMAN SACHS GROUP INC,2021m12
84398,449.9100036621094,SPY,SPDR S & P 500 E T F TRUST,2022m1
84788,149.5734985351563,AMZN,AMAZON COM INC,2022m1
86868,354.6799926757813,GS,GOLDMAN SACHS GROUP INC,2022m1
84398,436.6300048828125,SPY,SPDR S & P 500 E T F TRUST,2022m2
84788,153.5630004882813,AMZN,AMAZON COM INC,2022m2
86868,341.2900085449219,GS,GOLDMAN SACHS GROUP INC,2022m2
84398,451.6400146484375,SPY,SPDR S & P 500 E T F TRUST,2022m3
84788,162.9974975585938,AMZN,AMAZON COM INC,2022m3
86868,330.1000061035156,GS,GOLDMAN SACHS GROUP INC,2022m3
84398,412,SPY,SPDR S & P 500 E T F TRUST,2022m4
84788,124.281494140625,AMZN,AMAZON COM INC,2022m4
86868,305.489990234375,GS,GOLDMAN SACHS GROUP INC,2022m4
84398,412.9299926757813,SPY,SPDR S & P 500 E T F TRUST,2022m5
84788,120.2094970703125,AMZN,AMAZON COM INC,2022m5
86868,326.8500061035156,GS,GOLDMAN SACHS GROUP INC,2022m5
84398,377.25,SPY,SPDR S & P 500 E T F TRUST,2022m6
84788,106.2099990844727,AMZN,AMAZON COM INC,2022m6
86868,297.0199890136719,GS,GOLDMAN SACHS GROUP INC,2022m6
84398,411.989990234375,SPY,SPDR S & P 500 E T F TRUST,2022m7
84788,134.9499969482422,AMZN,AMAZON COM INC,2022m7
86868,333.3900146484375,GS,GOLDMAN SACHS GROUP INC,2022m7
84398,395.1799926757813,SPY,SPDR S & P 500 E T F TRUST,2022m8
84788,126.7699966430664,AMZN,AMAZON COM INC,2022m8
86868,332.6700134277344,GS,GOLDMAN SACHS GROUP INC,2022m8
84398,357.1799926757813,SPY,SPDR S & P 500 E T F TRUST,2022m9
84788,113,AMZN,AMAZON COM INC,2022m9
86868,293.0499877929688,GS,GOLDMAN SACHS GROUP INC,2022m9
84398,386.2099914550781,SPY,SPDR S & P 500 E T F TRUST,2022m10
84788,102.4400024414063,AMZN,AMAZON COM INC,2022m10
86868,344.510009765625,GS,GOLDMAN SACHS GROUP INC,2022m10
